,RMSE,MAE,R²
Decision Tree,1.8108903087480088,0.9442857142857143,0.9648398402352734
Random Forest,1.5928725746086128,0.8485248785798323,0.9727786693542091
Gradient Boosting,1.3273115631679504,0.8256374814250215,0.9812258136311015
Linear Regression,3.1807051684180325,2.321970702842704,0.8966638499434143
XGBRegressor,1.4976471340076083,0.8105885223289588,0.9759343844418169
CatBoost Regressor,1.3486639098750617,0.7892257203086679,0.9805105402615204
AdaBoost Regressor,2.154425495944377,1.7719449436928678,0.9521902564806013
